src_Latitude,src_Longitude,LATITUDE,LONGITUDE,SPARE_CLLI_CODE,SPARE_COUNT,VENDOR,PART NUMBER,INFRACTIONS,PERCENTAGE,SHELF,BIN,DISTANCE,GOOGLE MAPS
35.612659,-77.366356,38.96418524,-77.37219283,HRNDVA13,1,CIENA COMMUNICATIONS (NON-LEASE),800-0028-02,0,75,1,3,675.514168097372,https://tinyurl.com/y4of6w9m
35.612659,-77.366356,29.94221207,-95.41723772,HSTATX75,1,CIENA COMMUNICATIONS (NON-LEASE),800-0028-02,0,75,1,1,392.85860135540884,https://tinyurl.com/yyx8nodb
35.612659,-77.366356,43.102587,-76.085208,ESYRNYCI,1,CIENA COMMUNICATIONS (NON-LEASE),800-0028-02,21,55,11,1,321.7656306488914,https://tinyurl.com/y4zm7g94
35.612659,-77.366356,41.075771,-81.523926,AKRNOHNI,1,CIENA COMMUNICATIONS (NON-LEASE),800-0028-02,0,75,20,3,1137.7303197073209,https://tinyurl.com/y43wms6h
35.612659,-77.366356,36.859645,-76.242794,NRFLVA68E00,1,CIENA COMMUNICATIONS (NON-LEASE),800-0028-02,1,70,22,3,377.19780655429076,https://tinyurl.com/y2jnvjsm
35.612659,-77.366356,41.640281,-83.59078,TOLEOHSKW01,1,CIENA COMMUNICATIONS (NON-LEASE),800-0028-02,10,55,37,2,332.1680158264113,https://tinyurl.com/yxm96mnu
35.612659,-77.366356,43.102587,-76.085208,ESYRNYCI,1,CIENA COMMUNICATIONS (NON-LEASE),800-0028-02,1,70,8,4,1116.53915490281,https://tinyurl.com/y2h5oxlv
35.612659,-77.366356,40.7412,-74.0028,NYCMNY83,2,CIENA COMMUNICATIONS (NON-LEASE),800-0028-02,2,70,20,2,935.4867172214329,https://tinyurl.com/y3av8m42
35.612659,-77.366356,42.6501132,-73.7523272,ALBYNYPS,1,CIENA COMMUNICATIONS (NON-LEASE),800-0028-02,0,75,4,2,675.514168097372,https://tinyurl.com/y4of6w9m
35.612659,-77.366356,41.49796505,-81.69233509,CLEYOHJA,1,CIENA COMMUNICATIONS (NON-LEASE),800-0028-02,23,60,7,2,496.1849354696648,https://tinyurl.com/yyaz856w
35.612659,-77.366356,40.510202,-78.4068039,ALNAPAGY,1,CIENA COMMUNICATIONS (NON-LEASE),800-0028-02,6,60,4,2,976.950903077495,https://tinyurl.com/y4rnjm27
35.612659,-77.366356,40.45024628,-80.00548886,PITEPAPY,1,CIENA COMMUNICATIONS (NON-LEASE),800-0028-02,0,75,12,1,106.43207174406038,https://tinyurl.com/y278an8e
35.612659,-77.366356,43.102587,-76.085208,ESYRNYCI,1,CIENA COMMUNICATIONS (NON-LEASE),800-0028-02,0,75,26,5,446.90372739918297,https://tinyurl.com/y5looemq
35.612659,-77.366356,39.662998,-75.674129,NWRKDEWW,1,CIENA COMMUNICATIONS (NON-LEASE),800-0028-02,6,60,26,2,1034.5458273233821,https://tinyurl.com/y3do76k7
35.612659,-77.366356,35.4815,-79.1787,SNFRNCXA,1,CIENA COMMUNICATIONS (NON-LEASE),800-0028-02,0,75,22,4,102.21400805980595,https://tinyurl.com/yxrrv95d
35.612659,-77.366356,42.94417281,-76.87354109,WTRLNYBH,1,CIENA COMMUNICATIONS (NON-LEASE),800-0028-02,0,75,33,3,367.6029376108831,https://tinyurl.com/y4l83joy
35.612659,-77.366356,37.973943,-87.572263,EVVLINLW,1,CIENA COMMUNICATIONS (NON-LEASE),800-0028-02,1,70,12,1,1310.539075188154,https://tinyurl.com/y3xtf6js
35.612659,-77.366356,29.94221207,-95.41723772,HSTATX75,2,CIENA COMMUNICATIONS (NON-LEASE),800-0028-02,0,75,11,4,388.0096191379119,https://tinyurl.com/y5jhrn7e
35.612659,-77.366356,43.102587,-76.085208,ESYRNYCI,1,CIENA COMMUNICATIONS (NON-LEASE),800-0028-02,0,75,1,4,1054.7686033655348,https://tinyurl.com/y5jj4xeb
35.612659,-77.366356,38.242258,-85.737323,LSVPKYZU,1,CIENA COMMUNICATIONS (NON-LEASE),800-0028-02,19,55,41,27,191.94516028592517,https://tinyurl.com/y5qk38uk
35.612659,-77.366356,39.18283,-76.800259,CLMAMDJTW02,2,CIENA COMMUNICATIONS (NON-LEASE),800-0028-02,0,75,11,3,668.0921668144906,https://tinyurl.com/y4s9fwsg
35.612659,-77.366356,40.7412,-74.0028,NYCMNY83,1,CIENA COMMUNICATIONS (NON-LEASE),800-0028-02,0,75,1,5,332.1812172215566,https://tinyurl.com/y2t7bqk9
35.612659,-77.366356,37.583885,-77.475511,RCMDVABK,1,CIENA COMMUNICATIONS (NON-LEASE),800-0028-02,2,70,3,5,1181.1314984939147,https://tinyurl.com/y6hkgcmj
35.612659,-77.366356,41.771633,-72.611077,EHRTCTXL,2,CIENA COMMUNICATIONS (NON-LEASE),800-0028-02,0,75,1,8,565.0441721733927,https://tinyurl.com/yy5wuslr
35.612659,-77.366356,36.0621723,-95.8686082,TULVOKHO,1,CIENA COMMUNICATIONS (NON-LEASE),800-0028-02,3,65,5,5,401.1285428647,https://tinyurl.com/yy7o5q6v
35.612659,-77.366356,33.95127,-84.108224,LWVLGASP,1,CIENA COMMUNICATIONS (NON-LEASE),800-0028-02,0,75,7,2,1416.915489888241,https://tinyurl.com/y4lhm35s
35.612659,-77.366356,40.7412,-74.0028,NYCMNY83,1,CIENA COMMUNICATIONS (NON-LEASE),800-0028-02,0,75,14,3,1125.523771091398,https://tinyurl.com/yxpmtepl
35.612659,-77.366356,38.96418524,-77.37219283,HRNDVA13,1,CIENA COMMUNICATIONS (NON-LEASE),800-0028-02,0,75,6,1,1074.5785792853133,https://tinyurl.com/y3ywv59v
35.612659,-77.366356,33.95127,-84.108224,LWVLGASP,1,CIENA COMMUNICATIONS (NON-LEASE),800-0028-02,0,75,8,2,1643.54957165217,https://tinyurl.com/y4so6egc
35.612659,-77.366356,38.6845802,-90.3893065,OLVEMO01,1,CIENA COMMUNICATIONS (NON-LEASE),800-0028-02,2,70,24,2,746.6655703481232,https://tinyurl.com/yy54l5gs
35.612659,-77.366356,35.2182204,-80.8376437,CHRLNCMT,1,CIENA COMMUNICATIONS (NON-LEASE),800-0028-02,2,70,1,4,306.10583764984375,https://tinyurl.com/y2l63bn6
35.612659,-77.366356,38.96418524,-77.37219283,HRNDVA13,1,CIENA COMMUNICATIONS (NON-LEASE),800-0028-02,8,60,12,4,399.06120738292947,https://tinyurl.com/yyx93so7
35.612659,-77.366356,38.962972,-77.377684,HRNDVACK,1,CIENA COMMUNICATIONS (NON-LEASE),800-0028-02,8,60,29,3,432.93509756578374,https://tinyurl.com/y64avxbz
35.612659,-77.366356,41.8851478,-87.6242525,CHCGILAL,2,CIENA COMMUNICATIONS (NON-LEASE),800-0028-02,2,70,8,3,697.2535896556151,https://tinyurl.com/y2x3o5ug
35.612659,-77.366356,37.583885,-77.475511,RCMDVABK,3,CIENA COMMUNICATIONS (NON-LEASE),800-0028-02,2,70,20,3,573.287329274365,https://tinyurl.com/y53faqd8
35.612659,-77.366356,42.46176,-83.421049,FMHLMIDW,2,CIENA COMMUNICATIONS (NON-LEASE),800-0028-02,2,70,6,1,746.6655703481232,https://tinyurl.com/yy54l5gs
35.612659,-77.366356,36.173667,-86.7835769,NSVNTN08,2,CIENA COMMUNICATIONS (NON-LEASE),800-0028-02,0,75,7,1,363.49524352152866,https://tinyurl.com/y2shkzlq
35.612659,-77.366356,29.94221207,-95.41723772,HSTATX75,1,CIENA COMMUNICATIONS (NON-LEASE),800-0028-02,0,75,11,4,1054.7686033655348,https://tinyurl.com/y5jj4xeb
35.612659,-77.366356,34.748745,-92.275105,LTRKARNS,1,CIENA COMMUNICATIONS (NON-LEASE),800-0028-02,1,70,23,1,959.5277696154786,https://tinyurl.com/y6b9rb2e
35.612659,-77.366356,39.7961106,-89.6493861,SPFDILGI,1,CIENA COMMUNICATIONS (NON-LEASE),800-0028-02,1,70,23,2,377.19780655429076,https://tinyurl.com/y2jnvjsm
35.612659,-77.366356,38.96418524,-77.37219283,HRNDVA13,1,CIENA COMMUNICATIONS (NON-LEASE),800-0028-02,2,70,2,12,387.37187970105356,https://tinyurl.com/y33lp6rr
35.612659,-77.366356,39.959855,-75.16193,PHLAPAFGW32,1,CIENA COMMUNICATIONS (NON-LEASE),800-0028-02,0,75,1,3,927.9847895487455,https://tinyurl.com/y6zh2dyf
35.612659,-77.366356,34.748745,-92.275105,LTRKARNS,4,CIENA COMMUNICATIONS (NON-LEASE),800-0028-02,0,75,1,27,753.35438698646,https://tinyurl.com/y4wro3xa
35.612659,-77.366356,40.263726,-75.805959,BRDSPAXB,1,CIENA COMMUNICATIONS (NON-LEASE),800-0028-02,0,75,10,1,1054.7686033655348,https://tinyurl.com/y5jj4xeb
35.612659,-77.366356,37.583885,-77.475511,RCMDVABK,3,CIENA COMMUNICATIONS (NON-LEASE),800-0028-02,0,75,5,1,1306.3273424098093,https://tinyurl.com/y3kd4uxu
35.612659,-77.366356,36.173667,-86.7835769,NSVNTN08,2,CIENA COMMUNICATIONS (NON-LEASE),800-0028-02,18,65,2,4,340.864056533394,https://tinyurl.com/y63nc8gx
35.612659,-77.366356,41.8851478,-87.6242525,CHCGILAL,2,CIENA COMMUNICATIONS (NON-LEASE),800-0028-02,0,75,11,2,791.2729173073294,https://tinyurl.com/y47w6ol6
35.612659,-77.366356,42.46176,-83.421049,FMHLMIDW,1,CIENA COMMUNICATIONS (NON-LEASE),800-0028-02,0,75,8,3,1160.4883943567556,https://tinyurl.com/y58k3xa2
35.612659,-77.366356,36.173667,-86.7835769,NSVNTN08,3,CIENA COMMUNICATIONS (NON-LEASE),800-0028-02,2,70,11,5,472.57501935005615,https://tinyurl.com/y3sjytwx
35.612659,-77.366356,38.242258,-85.737323,LSVPKYZU,1,CIENA COMMUNICATIONS (NON-LEASE),800-0028-02,0,75,6,4,136.23813697318207,https://tinyurl.com/y55rqx23
35.612659,-77.366356,32.65305385,-83.75575256,BYRNGAXA,1,CIENA COMMUNICATIONS (NON-LEASE),800-0028-02,10,55,3,1,321.64941642603657,https://tinyurl.com/yygppkkt
35.612659,-77.366356,33.00998652,-83.5356211,GRAYGAXA,1,CIENA COMMUNICATIONS (NON-LEASE),800-0028-02,1,70,5,3,1405.1753067022325,https://tinyurl.com/y4pr4jun
35.612659,-77.366356,43.2802784,-76.1450528,CNSQNYAC,2,CIENA COMMUNICATIONS (NON-LEASE),800-0028-02,0,80,7,4,136.23813697318207,https://tinyurl.com/y55rqx23
35.612659,-77.366356,41.075771,-81.523926,AKRNOHNI,1,CIENA COMMUNICATIONS (NON-LEASE),800-0028-02,1,70,4,1,458.5686399583464,https://tinyurl.com/y3wd8o4g
35.612659,-77.366356,35.412657,-80.579165,CNCRNCXA,3,CIENA COMMUNICATIONS (NON-LEASE),800-0028-02,3,65,3,2,376.70872859933866,https://tinyurl.com/y6fmrzbd
35.612659,-77.366356,34.748745,-92.275105,LTRKARNS,1,CIENA COMMUNICATIONS (NON-LEASE),800-0028-02,0,80,1,5,231.32395193373168,https://tinyurl.com/yxeo8zw8
35.612659,-77.366356,38.96418524,-77.37219283,HRNDVA13,2,CIENA COMMUNICATIONS (NON-LEASE),800-0028-02,0,75,2,5,1277.5799100464185,https://tinyurl.com/y4l8p3w7
35.612659,-77.366356,33.7650858,-84.3840995,ATLNGAHP,1,CIENA COMMUNICATIONS (NON-LEASE),800-0028-02,0,75,4,1,769.0178305625409,https://tinyurl.com/y4a39fpe
35.612659,-77.366356,40.45024628,-80.00548886,PITEPAPY,1,CIENA COMMUNICATIONS (NON-LEASE),800-0028-02,1,70,18,1,918.7909889774922,https://tinyurl.com/y6hrzqnr
35.612659,-77.366356,43.102587,-76.085208,ESYRNYCI,2,CIENA COMMUNICATIONS (NON-LEASE),800-0028-02,1,70,11,1,918.7909889774922,https://tinyurl.com/y6hrzqnr
35.612659,-77.366356,42.884423,-78.875452,BFLONYME,4,CIENA COMMUNICATIONS (NON-LEASE),800-0028-02,1,70,5,1,170.19717927990555,https://tinyurl.com/yyos7reb
35.612659,-77.366356,33.7650858,-84.3840995,ATLNGAHP,1,CIENA COMMUNICATIONS (NON-LEASE),800-0028-02,8,65,30,6,491.63500711260093,https://tinyurl.com/yy24k6wf
35.612659,-77.366356,41.3655623,-82.1101246,ELYROHXA,1,CIENA COMMUNICATIONS (NON-LEASE),800-0028-02,6,60,13,1,1124.6168951247935,https://tinyurl.com/y4ncrs3f
35.612659,-77.366356,29.9947274,-90.1526647,MTRELAGB,1,CIENA COMMUNICATIONS (NON-LEASE),800-0028-02,2,70,5,1,700.98306119762,https://tinyurl.com/y2h52gdp
35.612659,-77.366356,37.583885,-77.475511,RCMDVABK,2,CIENA COMMUNICATIONS (NON-LEASE),800-0028-02,2,70,13,3,821.3000746288083,https://tinyurl.com/y4qdhaty
35.612659,-77.366356,33.7650858,-84.3840995,ATLNGAHP,1,CIENA COMMUNICATIONS (NON-LEASE),800-0028-02,21,65,9,1,321.7656306488914,https://tinyurl.com/y4zm7g94
35.612659,-77.366356,36.140526,-86.764154,NSVNTNBW,1,CIENA COMMUNICATIONS (NON-LEASE),800-0028-02,2,70,16,5,1111.0846816460876,https://tinyurl.com/y4yhwwgu
35.612659,-77.366356,41.771633,-72.611077,EHRTCTXL,1,CIENA COMMUNICATIONS (NON-LEASE),800-0028-02,2,75,21,4,1064.4527666421193,https://tinyurl.com/y3x87ug4
35.612659,-77.366356,38.96418524,-77.37219283,HRNDVA13,2,CIENA COMMUNICATIONS (NON-LEASE),800-0028-02,3,70,26,1,878.6737272710122,https://tinyurl.com/yy7v8786
35.612659,-77.366356,35.4815,-79.1787,SNFRNCXA,1,CIENA COMMUNICATIONS (NON-LEASE),800-0028-02,7,60,17,1,496.294533949684,https://tinyurl.com/yxlblj8o
35.612659,-77.366356,34.7222534,-95.90339858,KIOWOKXA,1,CIENA COMMUNICATIONS (NON-LEASE),800-0028-02,2,70,1,1,749.697016980277,https://tinyurl.com/y594pztm
35.612659,-77.366356,32.7862347,-96.7953142,DLLSTXHM,1,CIENA COMMUNICATIONS (NON-LEASE),800-0028-02,1,70,5,2,170.19717927990555,https://tinyurl.com/yyos7reb
35.612659,-77.366356,33.95127,-84.108224,LWVLGASP,2,CIENA COMMUNICATIONS (NON-LEASE),800-0028-02,1,70,16,1,829.7479863270015,https://tinyurl.com/y4txh8rr
35.612659,-77.366356,35.010992,-97.363726,PRCLOKXADS0,1,CIENA COMMUNICATIONS (NON-LEASE),800-0028-02,23,60,3,3,496.1849354696648,https://tinyurl.com/yyaz856w
35.612659,-77.366356,33.95127,-84.108224,LWVLGASP,1,CIENA COMMUNICATIONS (NON-LEASE),800-0028-02,0,75,1,1,231.32395193373168,https://tinyurl.com/yxeo8zw8
35.612659,-77.366356,36.173667,-86.7835769,NSVNTN08,2,CIENA COMMUNICATIONS (NON-LEASE),800-0028-02,0,75,18,3,559.4398114157453,https://tinyurl.com/yyo3laba
35.612659,-77.366356,39.762842,-104.982052,DNVTCOUZ,1,CIENA COMMUNICATIONS (NON-LEASE),800-0028-02,6,60,31,4,1034.5458273233821,https://tinyurl.com/y3do76k7
35.612659,-77.366356,35.412657,-80.579165,CNCRNCXA,1,CIENA COMMUNICATIONS (NON-LEASE),800-0028-02,0,75,2,2,633.6332416617415,https://tinyurl.com/y6pz742z
35.612659,-77.366356,30.294,-82.9822,LVOKFLXA,1,CIENA COMMUNICATIONS (NON-LEASE),800-0028-02,0,75,11,5,248.4495944455857,https://tinyurl.com/y6ygk8e7
35.612659,-77.366356,35.2182204,-80.8376437,CHRLNCMT,1,CIENA COMMUNICATIONS (NON-LEASE),800-0028-02,1,70,23,4,231.40710598708438,https://tinyurl.com/y6g9uwv8
35.612659,-77.366356,41.771633,-72.611077,EHRTCTXL,1,CIENA COMMUNICATIONS (NON-LEASE),800-0028-02,1,70,15,1,458.5686399583464,https://tinyurl.com/y3wd8o4g
35.612659,-77.366356,30.6809949,-88.1047287,MOBLAL97,12,CIENA COMMUNICATIONS (NON-LEASE),800-0028-02,1,70,11,4,415.23155459349323,https://tinyurl.com/y2xrcbyf
35.612659,-77.366356,41.7456353,-92.70339483,GRNLIAXB,1,CIENA COMMUNICATIONS (NON-LEASE),800-0028-02,0,75,13,3,1054.7502390956472,https://tinyurl.com/y39we8ew
35.612659,-77.366356,39.93797122,-86.02702634,FSHRINFC,2,CIENA COMMUNICATIONS (NON-LEASE),800-0028-02,2,70,22,4,746.6655703481232,https://tinyurl.com/yy54l5gs
35.612659,-77.366356,41.075771,-81.523926,AKRNOHNI,6,CIENA COMMUNICATIONS (NON-LEASE),800-0028-02,8,60,64,2,490.42956041009006,https://tinyurl.com/yyw3puoh
35.612659,-77.366356,42.6501132,-73.7523272,ALBYNYPS,2,CIENA COMMUNICATIONS (NON-LEASE),800-0028-02,14,55,5,4,1384.2187480970495,https://tinyurl.com/yy3l4685
35.612659,-77.366356,36.0621723,-95.8686082,TULVOKHO,1,CIENA COMMUNICATIONS (NON-LEASE),800-0028-02,3,70,15,3,729.6903677147565,https://tinyurl.com/y2oezvnx
35.612659,-77.366356,42.46176,-83.421049,FMHLMIDW,5,CIENA COMMUNICATIONS (NON-LEASE),800-0028-02,0,75,1,3,983.3210569216709,https://tinyurl.com/yyezst5h
35.612659,-77.366356,37.973943,-87.572263,EVVLINLW,1,CIENA COMMUNICATIONS (NON-LEASE),800-0028-02,0,80,11,2,668.0921668144906,https://tinyurl.com/y4s9fwsg
35.612659,-77.366356,40.811711,-96.700175,LNCLNEXL,1,CIENA COMMUNICATIONS (NON-LEASE),800-0028-02,0,75,8,1,534.7039967464303,https://tinyurl.com/y3dh4pzw
35.612659,-77.366356,42.884423,-78.875452,BFLONYME,2,CIENA COMMUNICATIONS (NON-LEASE),800-0028-02,0,75,19,1,970.191475484261,https://tinyurl.com/y59x4xsm
35.612659,-77.366356,35.412657,-80.579165,CNCRNCXA,1,CIENA COMMUNICATIONS (NON-LEASE),800-0028-02,24,55,8,2,1105.8084216286195,https://tinyurl.com/y56aymlf
35.612659,-77.366356,38.96418524,-77.37219283,HRNDVA13,1,CIENA COMMUNICATIONS (NON-LEASE),800-0028-02,0,75,4,3,356.325531577187,https://tinyurl.com/y47nbvrt
35.612659,-77.366356,32.028599,-94.370796,GARYTXXBDSO,1,CIENA COMMUNICATIONS (NON-LEASE),800-0028-02,1,70,9,5,1100.665839965002,https://tinyurl.com/y43t54md
35.612659,-77.366356,31.7150349,-83.2538553,FTZGGAXA,1,CIENA COMMUNICATIONS (NON-LEASE),800-0028-02,0,75,5,5,1074.7047854837897,https://tinyurl.com/y4zwrkrg
35.612659,-77.366356,42.884423,-78.875452,BFLONYME,1,CIENA COMMUNICATIONS (NON-LEASE),800-0028-02,0,75,11,2,1167.7900594968896,https://tinyurl.com/yxaua4o2
35.612659,-77.366356,33.7650858,-84.3840995,ATLNGAHP,1,CIENA COMMUNICATIONS (NON-LEASE),800-0028-02,0,80,5,5,162.49657899884383,https://tinyurl.com/y5n5ufao
35.612659,-77.366356,41.5063617,-81.6831863,CLEYOHDH,1,CIENA COMMUNICATIONS (NON-LEASE),800-0028-02,24,55,9,10,1105.8084216286195,https://tinyurl.com/y56aymlf
35.612659,-77.366356,29.9947274,-90.1526647,MTRELAGB,1,CIENA COMMUNICATIONS (NON-LEASE),800-0028-02,1,70,5,3,170.19717927990555,https://tinyurl.com/yyos7reb
35.612659,-77.366356,35.118484,-80.721292,MTHWNCXB,2,CIENA COMMUNICATIONS (NON-LEASE),800-0028-02,0,75,20,1,102.21400805980595,https://tinyurl.com/yxrrv95d
35.612659,-77.366356,36.0621723,-95.8686082,TULVOKHO,4,CIENA COMMUNICATIONS (NON-LEASE),800-0028-02,4,70,4,40,370.46434421636434,https://tinyurl.com/yyxexqmh
35.612659,-77.366356,45.3356285,-93.7420225,BGLKMNXA,1,CIENA COMMUNICATIONS (NON-LEASE),800-0028-02,0,75,19,3,970.191475484261,https://tinyurl.com/y59x4xsm
35.612659,-77.366356,38.902918,-77.029149,WASJDCDB,2,CIENA COMMUNICATIONS (NON-LEASE),800-0028-02,2,75,16,4,1111.0846816460876,https://tinyurl.com/y4yhwwgu
35.612659,-77.366356,38.6845802,-90.3893065,OLVEMO01,1,CIENA COMMUNICATIONS (NON-LEASE),800-0028-02,0,75,9,3,436.49506431134625,https://tinyurl.com/yxzsxt4y
35.612659,-77.366356,42.46176,-83.421049,FMHLMIDW,7,CIENA COMMUNICATIONS (NON-LEASE),800-0028-02,3,65,25,1,878.6737272710122,https://tinyurl.com/yy7v8786
35.612659,-77.366356,40.45024628,-80.00548886,PITEPAPY,1,CIENA COMMUNICATIONS (NON-LEASE),800-0028-02,2,75,25,3,926.9299312205214,https://tinyurl.com/y43sya5h
35.612659,-77.366356,45.3356285,-93.7420225,BGLKMNXA,4,CIENA COMMUNICATIONS (NON-LEASE),800-0028-02,1,70,37,7,379.0676812475205,https://tinyurl.com/y5zsgjjr
