,src_Latitude,src_Longitude,dest_Latitude,dest_Longitude,SPARE_CLLI_CODE,SPARE_COUNT,VENDOR,PART NUMBER,INFRACTIONS,PERCENTAGE,SHELF,BIN,DISTANCE
99,35.612659,-77.36635600000001,35.118484,-80.721292,MTHWNCXB,2,CIENA COMMUNICATIONS (NON-LEASE),800-0028-02,0,75,20,1,102.21400805980595
14,35.612659,-77.36635600000001,35.118484,-80.721292,SNFRNCXA,1,CIENA COMMUNICATIONS (NON-LEASE),800-0028-02,0,75,22,4,102.21400805980595
11,35.612659,-77.36635600000001,40.45024628,-80.00548886,PITEPAPY,1,CIENA COMMUNICATIONS (NON-LEASE),800-0028-02,0,75,12,1,106.43207174406038
49,35.612659,-77.36635600000001,38.242258,-85.737323,LSVPKYZU,1,CIENA COMMUNICATIONS (NON-LEASE),800-0028-02,0,75,6,4,136.2381369731821
52,35.612659,-77.36635600000001,43.2802784,-76.14505279999999,CNSQNYAC,2,CIENA COMMUNICATIONS (NON-LEASE),800-0028-02,0,80,7,4,136.2381369731821
