{
  "version": "v1",
  "config": {
    "visState": {
      "filters": [],
      "layers": [
        {
          "id": "jj2sl8",
          "type": "point",
          "config": {
            "dataId": "data1",
            "label": "Spare Details",
            "color": [
              18,
              147,
              154
            ],
            "columns": {
              "lat": "Latitude",
              "lng": "Longitude",
              "altitude": null
            },
            "isVisible": true,
            "visConfig": {
              "radius": 10,
              "fixedRadius": false,
              "opacity": 0.8,
              "outline": false,
              "thickness": 2,
              "strokeColor": null,
              "colorRange": {
                "name": "UberPool 4",
                "type": "diverging",
                "category": "Uber",
                "colors": [
                  "#213E9A",
                  "#9B1BBA",
                  "#DA102C",
                  "#F9E200"
                ]
              },
              "strokeColorRange": {
                "name": "Global Warming",
                "type": "sequential",
                "category": "Uber",
                "colors": [
                  "#5A1846",
                  "#900C3F",
                  "#C70039",
                  "#E3611C",
                  "#F1920E",
                  "#FFC300"
                ]
              },
              "radiusRange": [
                13.2,
                42.4
              ],
              "filled": true
            },
            "hidden": false,
            "textLabel": [
              {
                "field": null,
                "color": [
                  255,
                  255,
                  255
                ],
                "size": 18,
                "offset": [
                  0,
                  0
                ],
                "anchor": "start",
                "alignment": "center"
              }
            ]
          },
          "visualChannels": {
            "colorField": {
              "name": "Spare_count",
              "type": "integer"
            },
            "colorScale": "quantize",
            "strokeColorField": null,
            "strokeColorScale": "quantile",
            "sizeField": {
              "name": "Spare_count",
              "type": "integer"
            },
            "sizeScale": "sqrt"
          }
        },
        {
          "id": "1pfvwen",
          "type": "icon",
          "config": {
            "dataId": "data2",
            "label": "Current location",
            "color": [
              38,
              26,
              16
            ],
            "columns": {
              "lat": "source_Latitude",
              "lng": "source_Longitude",
              "icon": "icon"
            },
            "isVisible": true,
            "visConfig": {
              "radius": 42.5,
              "fixedRadius": false,
              "opacity": 0.8,
              "colorRange": {
                "name": "Global Warming",
                "type": "sequential",
                "category": "Uber",
                "colors": [
                  "#5A1846",
                  "#900C3F",
                  "#C70039",
                  "#E3611C",
                  "#F1920E",
                  "#FFC300"
                ]
              },
              "radiusRange": [
                0,
                50
              ]
            },
            "hidden": false,
            "textLabel": [
              {
                "field": null,
                "color": [
                  255,
                  255,
                  255
                ],
                "size": 18,
                "offset": [
                  0,
                  0
                ],
                "anchor": "start",
                "alignment": "center"
              }
            ]
          },
          "visualChannels": {
            "colorField": null,
            "colorScale": "quantile",
            "sizeField": null,
            "sizeScale": "linear"
          }
        }
      ],
      "interactionConfig": {
        "tooltip": {
          "fieldsToShow": {
            "data1": [
              {
                "name": "Spare_clli_code",
                "format": null
              },
              {
                "name": "Shelf",
                "format": null
              },
              {
                "name": "Bin",
                "format": null
              },
              {
                "name": "Spare_count",
                "format": null
              },
              {
                "name": "Infractions",
                "format": null
              },
              {
                "name": "Predicted_Likelihood",
                "format": null
              },
              {
                "name": "Address",
                "format": null
              },
              {
                "name": "Distance",
                "format": null
              },
              {
                "name": "Google_map",
                "format": null
              },
              {
                "name": "Supervisor Name",
                "format": null
              },
              {
                "name": "Email",
                "format": null
              },
              {
                "name": "Title",
                "format": null
              },
              {
                "name": "Worknum",
                "format": null
              },
              {
                "name": "Cellnum",
                "format": null
              }
            ],
            "data2": [
              {
                "name": "source_Latitude",
                "format": null
              },
              {
                "name": "source_Longitude",
                "format": null
              }
            ]
          },
          "compareMode": false,
          "compareType": "absolute",
          "enabled": true
        },
        "brush": {
          "size": 0.5,
          "enabled": false
        },
        "geocoder": {
          "enabled": true
        },
        "coordinate": {
          "enabled": false
        }
      },
      "layerBlending": "normal",
      "splitMaps": [],
      "animationConfig": {
        "currentTime": null,
        "speed": 1
      }
    },
    "mapState": {
      "bearing": 0,
      "dragRotate": false,
      "latitude": 37.4420875,
      "longitude": -88.37882044935,
      "pitch": 0,
      "zoom": 4,
      "isSplit": false
    },
    "mapStyle": {
      "styleType": "light",
      "topLayerGroups": {},
      "visibleLayerGroups": {
        "label": true,
        "road": true,
        "border": true,
        "building": true,
        "water": true,
        "land": true,
        "3d building": true
      },
      "threeDBuildingColor": [
        218.82023004728686,
        223.47597962276103,
        223.47597962276103
      ],
      "mapStyles": {}
    }
  }
}