{
    "version": "v1",
    "config": {
      "visState": {
        "filters": [],
        "layers": [
          {
            "id": "1pfvwen",
            "type": "icon",
            "config": {
              "dataId": "data2",
              "label": "Current location",
              "color": [
                38,
                26,
                16
              ],
              "columns": {
                "lat": "source_Latitude",
                "lng": "source_Longitude",
                "icon": "icon"
              },
              "isVisible": true,
              "visConfig": {
                "radius": 42.5,
                "fixedRadius": false,
                "opacity": 0.8,
                "colorRange": {
                  "name": "Global Warming",
                  "type": "sequential",
                  "category": "Uber",
                  "colors": [
                    "#5A1846",
                    "#900C3F",
                    "#C70039",
                    "#E3611C",
                    "#F1920E",
                    "#FFC300"
                  ]
                },
                "radiusRange": [
                  0,
                  50
                ]
              },
              "hidden": false,
              "textLabel": [
                {
                  "field": null,
                  "color": [
                    255,
                    255,
                    255
                  ],
                  "size": 18,
                  "offset": [
                    0,
                    0
                  ],
                  "anchor": "start",
                  "alignment": "center"
                }
              ]
            },
            "visualChannels": {
              "colorField": null,
              "colorScale": "quantile",
              "sizeField": null,
              "sizeScale": "linear"
            }
          },
          {
            "id": "mqgkvbn",
            "type": "point",
            "config": {
              "dataId": "data1",
              "label": "Heat Map",
              "color": [
                130,
                154,
                227
              ],
              "columns": {
                "lat": "LATITUDE",
                "lng": "LONGITUDE",
                "altitude": null
              },
              "isVisible": true,
              "visConfig": {
                "radius": 10,
                "fixedRadius": false,
                "opacity": 0.8,
                "outline": false,
                "thickness": 2,
                "strokeColor": null,
                "colorRange": {
                  "name": "UberPool 4",
                  "type": "diverging",
                  "category": "Uber",
                  "colors": [
                    "#213E9A",
                    "#9B1BBA",
                    "#DA102C",
                    "#F9E200"
                  ]
                },
                "strokeColorRange": {
                  "name": "Global Warming",
                  "type": "sequential",
                  "category": "Uber",
                  "colors": [
                    "#5A1846",
                    "#900C3F",
                    "#C70039",
                    "#E3611C",
                    "#F1920E",
                    "#FFC300"
                  ]
                },
                "radiusRange": [
                  16.8,
                  57.8
                ],
                "filled": true
              },
              "hidden": false,
              "textLabel": [
                {
                  "field": null,
                  "color": [
                    255,
                    255,
                    255
                  ],
                  "size": 18,
                  "offset": [
                    0,
                    0
                  ],
                  "anchor": "start",
                  "alignment": "center"
                }
              ]
            },
            "visualChannels": {
              "colorField": {
                "name": "SPARE_COUNT",
                "type": "integer"
              },
              "colorScale": "quantize",
              "strokeColorField": null,
              "strokeColorScale": "quantile",
              "sizeField": {
                "name": "SPARE_COUNT",
                "type": "integer"
              },
              "sizeScale": "sqrt"
            }
          }
        ],
        "interactionConfig": {
          "tooltip": {
            "fieldsToShow": {
              "data1": [
                {
                  "name": "LATITUDE",
                  "format": null
                },
                {
                  "name": "LONGITUDE",
                  "format": null
                },
                {
                  "name": "SPARE_CLLI_CODE",
                  "format": null
                },
                {
                  "name": "SPARE_COUNT",
                  "format": null
                },
                {
                  "name": "VENDOR",
                  "format": null
                },
                {
                  "name": "PART NUMBER",
                  "format": null
                },
                {
                  "name": "INFRACTIONS",
                  "format": null
                },
                {
                  "name": "PERCENTAGE",
                  "format": null
                },
                {
                  "name": "SHELF",
                  "format": null
                },
                {
                  "name": "BIN",
                  "format": null
                },
                {
                  "name": "DISTANCE",
                  "format": null
                },
                {
                  "name": "GOOGLE MAPS",
                  "format": null
                }
              ],
              "data2": [
                {
                  "name": "source_Latitude",
                  "format": null
                },
                {
                  "name": "source_Longitude",
                  "format": null
                }
              ]
            },
            "compareMode": false,
            "compareType": "absolute",
            "enabled": true
          },
          "brush": {
            "size": 0.5,
            "enabled": false
          },
          "geocoder": {
            "enabled": true
          },
          "coordinate": {
            "enabled": false
          }
        },
        "layerBlending": "normal",
        "splitMaps": [],
        "animationConfig": {
          "currentTime": null,
          "speed": 1
        }
      },
      "mapState": {
        "bearing": 0,
        "dragRotate": false,
        "latitude": 37.4420875,
        "longitude": -88.37882044935,
        "pitch": 0,
        "zoom": 4,
        "isSplit": false
      },
      "mapStyle": {
        "styleType": "light",
        "topLayerGroups": {},
        "visibleLayerGroups": {
          "label": true,
          "road": true,
          "border": true,
          "building": true,
          "water": true,
          "land": true,
          "3d building": true
        },
        "threeDBuildingColor": [
          218.82023004728686,
          223.47597962276103,
          223.47597962276103
        ],
        "mapStyles": {}
      }
    }
  }