{
    "version": "v1",
    "config": {
      "visState": {
        "filters": [],
        "layers": [
          {
            "id": "bcmdykk",
            "type": "icon",
            "config": {
              "dataId": "data2",
              "label": "Current Location",
              "color": [
                38,
                26,
                16
              ],
              "columns": {
                "lat": "source_Latitude",
                "lng": "source_Longitude",
                "icon": "icon"
              },
              "isVisible": true,
              "visConfig": {
                "radius": 38.3,
                "fixedRadius": false,
                "opacity": 0.8,
                "colorRange": {
                  "name": "Global Warming",
                  "type": "sequential",
                  "category": "Uber",
                  "colors": [
                    "#5A1846",
                    "#900C3F",
                    "#C70039",
                    "#E3611C",
                    "#F1920E",
                    "#FFC300"
                  ]
                },
                "radiusRange": [
                  0,
                  50
                ]
              },
              "hidden": false,
              "textLabel": [
                {
                  "field": null,
                  "color": [
                    255,
                    255,
                    255
                  ],
                  "size": 18,
                  "offset": [
                    0,
                    0
                  ],
                  "anchor": "start",
                  "alignment": "center"
                }
              ]
            },
            "visualChannels": {
              "colorField": null,
              "colorScale": "quantile",
              "sizeField": null,
              "sizeScale": "linear"
            }
          },
          {
            "id": "cdgrerm",
            "type": "point",
            "config": {
              "dataId": "us_edges",
              "label": "US edges",
              "color": [
                255,
                254,
                230
              ],
              "columns": {
                "lat": "Latitude",
                "lng": "Longitude",
                "altitude": null
              },
              "isVisible": true,
              "visConfig": {
                "radius": 1.5,
                "fixedRadius": false,
                "opacity": 0.01,
                "outline": false,
                "thickness": 2,
                "strokeColor": null,
                "colorRange": {
                  "name": "Global Warming",
                  "type": "sequential",
                  "category": "Uber",
                  "colors": [
                    "#5A1846",
                    "#900C3F",
                    "#C70039",
                    "#E3611C",
                    "#F1920E",
                    "#FFC300"
                  ]
                },
                "strokeColorRange": {
                  "name": "Global Warming",
                  "type": "sequential",
                  "category": "Uber",
                  "colors": [
                    "#5A1846",
                    "#900C3F",
                    "#C70039",
                    "#E3611C",
                    "#F1920E",
                    "#FFC300"
                  ]
                },
                "radiusRange": [
                  0,
                  50
                ],
                "filled": true
              },
              "hidden": false,
              "textLabel": [
                {
                  "field": null,
                  "color": [
                    255,
                    255,
                    255
                  ],
                  "size": 18,
                  "offset": [
                    0,
                    0
                  ],
                  "anchor": "start",
                  "alignment": "center"
                }
              ]
            },
            "visualChannels": {
              "colorField": null,
              "colorScale": "quantile",
              "strokeColorField": null,
              "strokeColorScale": "quantile",
              "sizeField": null,
              "sizeScale": "linear"
            }
          },
          {
            "id": "d71g6cq",
            "type": "point",
            "config": {
              "dataId": "data1",
              "label": "Spare Location",
              "color": [
                137,
                218,
                193
              ],
              "columns": {
                "lat": "LATITUDE",
                "lng": "LONGITUDE",
                "altitude": null
              },
              "isVisible": true,
              "visConfig": {
                "radius": 15,
                "fixedRadius": false,
                "opacity": 0.8,
                "outline": false,
                "thickness": 2,
                "strokeColor": null,
                "colorRange": {
                  "name": "UberPool 4",
                  "type": "diverging",
                  "category": "Uber",
                  "colors": [
                    "#213E9A",
                    "#9B1BBA",
                    "#DA102C",
                    "#F9E200"
                  ]
                },
                "strokeColorRange": {
                  "name": "Global Warming",
                  "type": "sequential",
                  "category": "Uber",
                  "colors": [
                    "#5A1846",
                    "#900C3F",
                    "#C70039",
                    "#E3611C",
                    "#F1920E",
                    "#FFC300"
                  ]
                },
                "radiusRange": [
                  0,
                  50
                ],
                "filled": true
              },
              "hidden": false,
              "textLabel": [
                {
                  "field": null,
                  "color": [
                    255,
                    255,
                    255
                  ],
                  "size": 18,
                  "offset": [
                    0,
                    0
                  ],
                  "anchor": "start",
                  "alignment": "center"
                }
              ]
            },
            "visualChannels": {
              "colorField": {
                "name": "SPARE_COUNT",
                "type": "integer"
              },
              "colorScale": "quantize",
              "strokeColorField": null,
              "strokeColorScale": "quantile",
              "sizeField": null,
              "sizeScale": "linear"
            }
          },
          {
            "id": "wjb5s4w",
            "type": "line",
            "config": {
              "dataId": "data1",
              "label": "Route",
              "color": [
                246,
                209,
                138
              ],
              "columns": {
                "lat0": "src_Latitude",
                "lng0": "src_Longitude",
                "lat1": "LATITUDE",
                "lng1": "LONGITUDE"
              },
              "isVisible": true,
              "visConfig": {
                "opacity": 0.8,
                "thickness": 2,
                "colorRange": {
                  "name": "Sunrise 3",
                  "type": "sequential",
                  "category": "Uber",
                  "colors": [
                    "#355C7D",
                    "#C06C84",
                    "#F8B195"
                  ]
                },
                "sizeRange": [
                  0,
                  10
                ],
                "targetColor": null
              },
              "hidden": false,
              "textLabel": [
                {
                  "field": null,
                  "color": [
                    255,
                    255,
                    255
                  ],
                  "size": 18,
                  "offset": [
                    0,
                    0
                  ],
                  "anchor": "start",
                  "alignment": "center"
                }
              ]
            },
            "visualChannels": {
              "colorField": {
                "name": "DISTANCE",
                "type": "real"
              },
              "colorScale": "quantile",
              "sizeField": null,
              "sizeScale": "linear"
            }
          }
        ],
        "interactionConfig": {
          "tooltip": {
            "fieldsToShow": {
              "data1": [
                {
                  "name": "Unnamed: 0",
                  "format": null
                },
                {
                  "name": "src_Latitude",
                  "format": null
                },
                {
                  "name": "src_Longitude",
                  "format": null
                },
                {
                  "name": "LATITUDE",
                  "format": null
                },
                {
                  "name": "LONGITUDE",
                  "format": null
                }
              ],
              "data2": [
                {
                  "name": "source_Latitude",
                  "format": null
                },
                {
                  "name": "source_Longitude",
                  "format": null
                }
              ],
              "us_edges": [
                {
                  "name": "Latitude",
                  "format": null
                },
                {
                  "name": "Longitude",
                  "format": null
                }
              ]
            },
            "compareMode": false,
            "compareType": "absolute",
            "enabled": true
          },
          "brush": {
            "size": 0.5,
            "enabled": false
          },
          "geocoder": {
            "enabled": true
          },
          "coordinate": {
            "enabled": false
          }
        },
        "layerBlending": "normal",
        "splitMaps": [],
        "animationConfig": {
          "currentTime": null,
          "speed": 1
        }
      },
      "mapState": {
        "bearing": 0,
        "dragRotate": false,
        "latitude": 37.86010000066789,
        "longitude": -104.40787556527987,
        "pitch": 0,
        "zoom": 3.539044973578514,
        "isSplit": false
      },
      "mapStyle": {
        "styleType": "light",
        "topLayerGroups": {},
        "visibleLayerGroups": {
          "label": true,
          "road": true,
          "border": true,
          "building": true,
          "water": true,
          "land": true,
          "3d building": true
        },
        "threeDBuildingColor": [
          218.82023004728686,
          223.47597962276103,
          223.47597962276103
        ],
        "mapStyles": {}
      }
    }
  }