{
  "version": "v1",
  "config": {
    "visState": {
      "filters": [],
      "layers": [
        {
          "id": "l9sck1",
          "type": "point",
          "config": {
            "dataId": "data1",
            "label": "Spare Location",
            "color": [
              227,
              26,
              26
            ],
            "columns": {
              "lat": "Latitude",
              "lng": "Longitude",
              "altitude": null
            },
            "isVisible": true,
            "visConfig": {
              "radius": 35,
              "fixedRadius": false,
              "opacity": 0.8,
              "outline": false,
              "thickness": 2,
              "strokeColor": null,
              "colorRange": {
                "name": "Uber Viz Qualitative 0.5",
                "type": "qualitative",
                "category": "Uber",
                "colors": [
                  "#12939A",
                  "#DDB27C",
                  "#88572C",
                  "#FF991F"
                ]
              },
              "strokeColorRange": {
                "name": "Global Warming",
                "type": "sequential",
                "category": "Uber",
                "colors": [
                  "#5A1846",
                  "#900C3F",
                  "#C70039",
                  "#E3611C",
                  "#F1920E",
                  "#FFC300"
                ]
              },
              "radiusRange": [
                0,
                50
              ],
              "filled": true
            },
            "hidden": false,
            "textLabel": [
              {
                "field": null,
                "color": [
                  255,
                  255,
                  255
                ],
                "size": 18,
                "offset": [
                  0,
                  0
                ],
                "anchor": "start",
                "alignment": "center"
              }
            ]
          },
          "visualChannels": {
            "colorField": {
              "name": "Distance(miles)",
              "type": "real"
            },
            "colorScale": "quantize",
            "strokeColorField": null,
            "strokeColorScale": "quantile",
            "sizeField": null,
            "sizeScale": "linear"
          }
        },
        {
          "id": "i90py3o",
          "type": "line",
          "config": {
            "dataId": "data1",
            "label": "Route",
            "color": [
              146,
              38,
              198
            ],
            "columns": {
              "lat0": "src_Latitude",
              "lng0": "src_Longitude",
              "lat1": "Latitude",
              "lng1": "Longitude"
            },
            "isVisible": true,
            "visConfig": {
              "opacity": 0.56,
              "thickness": 5,
              "colorRange": {
                "name": "Custom Palette",
                "type": "custom",
                "category": "Custom",
                "colors": [
                  "#a7aab5",
                  "#0e48ea"
                ]
              },
              "sizeRange": [
                0,
                10
              ],
              "targetColor": null
            },
            "hidden": false,
            "textLabel": [
              {
                "field": null,
                "color": [
                  255,
                  255,
                  255
                ],
                "size": 18,
                "offset": [
                  0,
                  0
                ],
                "anchor": "start",
                "alignment": "center"
              }
            ]
          },
          "visualChannels": {
            "colorField": {
              "name": "Shortest Distance",
              "type": "string"
            },
            "colorScale": "ordinal",
            "sizeField": null,
            "sizeScale": "linear"
          }
        },
        {
          "id": "bcmdykk",
          "type": "icon",
          "config": {
            "dataId": "data2",
            "label": "Current Location",
            "color": [
              38,
              26,
              16
            ],
            "columns": {
              "lat": "source_Latitude",
              "lng": "source_Longitude",
              "icon": "icon"
            },
            "isVisible": true,
            "visConfig": {
              "radius": 38.3,
              "fixedRadius": false,
              "opacity": 0.8,
              "colorRange": {
                "name": "Global Warming",
                "type": "sequential",
                "category": "Uber",
                "colors": [
                  "#5A1846",
                  "#900C3F",
                  "#C70039",
                  "#E3611C",
                  "#F1920E",
                  "#FFC300"
                ]
              },
              "radiusRange": [
                0,
                50
              ]
            },
            "hidden": false,
            "textLabel": [
              {
                "field": null,
                "color": [
                  255,
                  255,
                  255
                ],
                "size": 18,
                "offset": [
                  0,
                  0
                ],
                "anchor": "start",
                "alignment": "center"
              }
            ]
          },
          "visualChannels": {
            "colorField": null,
            "colorScale": "quantile",
            "sizeField": null,
            "sizeScale": "linear"
          }
        },
        {
          "id": "cdgrerm",
          "type": "point",
          "config": {
            "dataId": "us_edges",
            "label": "US edges",
            "color": [
              255,
              254,
              230
            ],
            "columns": {
              "lat": "Latitude",
              "lng": "Longitude",
              "altitude": null
            },
            "isVisible": true,
            "visConfig": {
              "radius": 1.5,
              "fixedRadius": false,
              "opacity": 0.01,
              "outline": false,
              "thickness": 2,
              "strokeColor": null,
              "colorRange": {
                "name": "Global Warming",
                "type": "sequential",
                "category": "Uber",
                "colors": [
                  "#5A1846",
                  "#900C3F",
                  "#C70039",
                  "#E3611C",
                  "#F1920E",
                  "#FFC300"
                ]
              },
              "strokeColorRange": {
                "name": "Global Warming",
                "type": "sequential",
                "category": "Uber",
                "colors": [
                  "#5A1846",
                  "#900C3F",
                  "#C70039",
                  "#E3611C",
                  "#F1920E",
                  "#FFC300"
                ]
              },
              "radiusRange": [
                0,
                50
              ],
              "filled": true
            },
            "hidden": false,
            "textLabel": [
              {
                "field": null,
                "color": [
                  255,
                  255,
                  255
                ],
                "size": 18,
                "offset": [
                  0,
                  0
                ],
                "anchor": "start",
                "alignment": "center"
              }
            ]
          },
          "visualChannels": {
            "colorField": null,
            "colorScale": "quantile",
            "strokeColorField": null,
            "strokeColorScale": "quantile",
            "sizeField": null,
            "sizeScale": "linear"
          }
        }
      ],
      "interactionConfig": {
        "tooltip": {
          "fieldsToShow": {
            "data1": [
              {
                "name": "Spare_clli_code",
                "format": null
              },
              {
                "name": "Shelf",
                "format": null
              },
              {
                "name": "Bin",
                "format": null
              },
              {
                "name": "Spare_count",
                "format": null
              },
              {
                "name": "Infractions",
                "format": null
              },
              {
                "name": "Predicted_Likelihood",
                "format": null
              },
              {
                "name": "Address",
                "format": null
              },
              {
                "name": "Distance(miles)",
                "format": null
              },
              {
                "name": "Google_map",
                "format": null
              },
              {
                "name": "Supervisor Name",
                "format": null
              },
              {
                "name": "Email",
                "format": null
              },
              {
                "name": "Title",
                "format": null
              },
              {
                "name": "Worknum",
                "format": null
              },
              {
                "name": "Cellnum",
                "format": null
              }
            ],
            "data2": [
              {
                "name": "source_Latitude",
                "format": null
              },
              {
                "name": "source_Longitude",
                "format": null
              }
            ],
            "us_edges": [
              {
                "name": "Latitude",
                "format": null
              },
              {
                "name": "Longitude",
                "format": null
              }
            ]
          },
          "compareMode": false,
          "compareType": "absolute",
          "enabled": true
        },
        "brush": {
          "size": 0.5,
          "enabled": false
        },
        "geocoder": {
          "enabled": true
        },
        "coordinate": {
          "enabled": false
        }
      },
      "layerBlending": "normal",
      "splitMaps": [],
      "animationConfig": {
        "currentTime": null,
        "speed": 1
      }
    },
    "mapState": {
      "bearing": 0,
      "dragRotate": false,
      "latitude": 37.86010000066789,
      "longitude": -104.40787556527987,
      "pitch": 0,
      "zoom": 3.539044973578514,
      "isSplit": false
    },
    "mapStyle": {
      "styleType": "light",
      "topLayerGroups": {},
      "visibleLayerGroups": {
        "label": true,
        "road": true,
        "border": true,
        "building": true,
        "water": true,
        "land": true,
        "3d building": true
      },
      "threeDBuildingColor": [
        218.82023004728686,
        223.47597962276103,
        223.47597962276103
      ],
      "mapStyles": {}
    }
  }
}