{
  "version": "v1",
  "config": {
    "visState": {
      "filters": [],
      "layers": [
        {
          "id": "001eern",
          "type": "point",
          "config": {
            "dataId": "data",
            "label": "Point",
            "color": [
              227,
              26,
              26
            ],
            "columns": {
              "lat": "Latitude",
              "lng": "Longitude",
              "altitude": null
            },
            "isVisible": true,
            "visConfig": {
              "radius": 19.5,
              "fixedRadius": false,
              "opacity": 0.8,
              "outline": true,
              "thickness": 2,
              "strokeColor": [
                255,
                250,
                102
              ],
              "colorRange": {
                "name": "Global Warming",
                "type": "sequential",
                "category": "Uber",
                "colors": [
                  "#5A1846",
                  "#900C3F",
                  "#C70039",
                  "#E3611C",
                  "#F1920E",
                  "#FFC300"
                ]
              },
              "strokeColorRange": {
                "name": "Global Warming",
                "type": "sequential",
                "category": "Uber",
                "colors": [
                  "#5A1846",
                  "#900C3F",
                  "#C70039",
                  "#E3611C",
                  "#F1920E",
                  "#FFC300"
                ]
              },
              "radiusRange": [
                0,
                50
              ],
              "filled": true
            },
            "hidden": false,
            "textLabel": [
              {
                "field": null,
                "color": [
                  255,
                  255,
                  255
                ],
                "size": 18,
                "offset": [
                  0,
                  0
                ],
                "anchor": "start",
                "alignment": "center"
              }
            ]
          },
          "visualChannels": {
            "colorField": null,
            "colorScale": "quantile",
            "strokeColorField": null,
            "strokeColorScale": "quantile",
            "sizeField": null,
            "sizeScale": "linear"
          }
        },
        {
          "id": "h2307s",
          "type": "point",
          "config": {
            "dataId": "data1",
            "label": "edges",
            "color": [
              255,
              254,
              230
            ],
            "columns": {
              "lat": "Latitude",
              "lng": "Longitude",
              "altitude": null
            },
            "isVisible": true,
            "visConfig": {
              "radius": 10,
              "fixedRadius": false,
              "opacity": 0.8,
              "outline": false,
              "thickness": 2,
              "strokeColor": null,
              "colorRange": {
                "name": "Global Warming",
                "type": "sequential",
                "category": "Uber",
                "colors": [
                  "#5A1846",
                  "#900C3F",
                  "#C70039",
                  "#E3611C",
                  "#F1920E",
                  "#FFC300"
                ]
              },
              "strokeColorRange": {
                "name": "Global Warming",
                "type": "sequential",
                "category": "Uber",
                "colors": [
                  "#5A1846",
                  "#900C3F",
                  "#C70039",
                  "#E3611C",
                  "#F1920E",
                  "#FFC300"
                ]
              },
              "radiusRange": [
                0,
                50
              ],
              "filled": true
            },
            "hidden": false,
            "textLabel": [
              {
                "field": null,
                "color": [
                  255,
                  255,
                  255
                ],
                "size": 18,
                "offset": [
                  0,
                  0
                ],
                "anchor": "start",
                "alignment": "center"
              }
            ]
          },
          "visualChannels": {
            "colorField": null,
            "colorScale": "quantile",
            "strokeColorField": null,
            "strokeColorScale": "quantile",
            "sizeField": null,
            "sizeScale": "linear"
          }
        }
      ],
      "interactionConfig": {
        "tooltip": {
          "fieldsToShow": {
            "data": [
              "Latitude",
              "Longitude",
              "SPARE_ID",
              "SPARE_COUNT"
            ],
            "data1": [
              "Latitude",
              "Longitude"
            ]
          },
          "enabled": true
        },
        "brush": {
          "size": 0.5,
          "enabled": false
        },
        "geocoder": {
          "enabled": true
        },
        "coordinate": {
          "enabled": false
        }
      },
      "layerBlending": "normal",
      "splitMaps": [],
      "animationConfig": {
        "currentTime": null,
        "speed": 1
      }
    },
    "mapState": {
      "bearing": 0,
      "dragRotate": false,
      "latitude": 39.93819123106921,
      "longitude": -107.56506867922754,
      "pitch": 0,
      "zoom": 2.7230396874652065,
      "isSplit": false
    },
    "mapStyle": {
      "styleType": "light",
      "topLayerGroups": {},
      "visibleLayerGroups": {
        "label": true,
        "road": true,
        "border": true,
        "building": true,
        "water": true,
        "land": true,
        "3d building": false
      },
      "threeDBuildingColor": [
        218.82023004728686,
        223.47597962276103,
        223.47597962276103
      ],
      "mapStyles": {}
    }
  }
}